{
    "optimal_weights": {
        "UVXY": 24599.862801273084,
        "USO": 0.0,
        "MSFT": 0.0,
        "KOLD": 75400.13719872692,
        "SPY": 0.0
    },
    "portfolio_return": 0.5242573162121599,
    "portfolio_volatility": 0.3820330183844452,
    "investment_values": {
        "UVXY": 24599.862801273084,
        "USO": 0.0,
        "MSFT": 0.0,
        "KOLD": 75400.13719872692,
        "SPY": 0.0
    }
}