{
    "optimal_weights": {
        "NVDA": 41359.79992287833,
        "AAPL": 7.095019016745141e-11,
        "META": 0.0,
        "AMZN": 0.0,
        "MSFT": 58640.20007712158
    },
    "portfolio_return": 0.3942525376745657,
    "portfolio_volatility": 0.24352805114034548,
    "investment_values": {
        "NVDA": 41359.79992287833,
        "AAPL": 7.095019016745141e-11,
        "META": 0.0,
        "AMZN": 0.0,
        "MSFT": 58640.20007712158
    },
    "capital": 100000,
    "weights": {
        "NVDA": 0.4135979992287833,
        "AAPL": 7.095019016745141e-16,
        "META": 0.0,
        "AMZN": 0.0,
        "MSFT": 0.5864020007712158
    },
    "assets_profit": {
        "NVDA": 15219.16557762154,
        "AAPL": 1.2756844192107762e-11,
        "META": -0.0,
        "AMZN": -0.0,
        "MSFT": 24206.088189835016
    }
}