{
    "optimal_weights": {
        "NVDA": 3448.3832162322024,
        "AAPL": 0.0,
        "META": 0.0,
        "AMZN": 40592.35576959755,
        "USO": 0.0,
        "SPY": 55959.26101417026
    },
    "portfolio_return": 0.4571869879351185,
    "portfolio_volatility": 0.26921770390832467,
    "investment_values": {
        "NVDA": 3448.3832162322024,
        "AAPL": 0.0,
        "META": 0.0,
        "AMZN": 40592.35576959755,
        "USO": 0.0,
        "SPY": 55959.26101417026
    },
    "capital": 100000,
    "weights": {
        "NVDA": 0.03448383216232202,
        "AAPL": 0.0,
        "META": 0.0,
        "AMZN": 0.40592355769597543,
        "USO": 0.0,
        "SPY": 0.5595926101417026
    },
    "assets_profit": {
        "NVDA": 1268.9015720769635,
        "AAPL": 0.0,
        "META": -0.0,
        "AMZN": 16756.11853813217,
        "USO": 0.0,
        "SPY": 27693.67868330272
    },
    "bin_opt": "CPLEX",
    "class_opt": "SLSQP"
}