{
    "optimal_weights": {
        "NVDA": 36236.24030050929,
        "MSFT": 0.0,
        "AAPL": 63763.75969949077
    },
    "portfolio_return": 0.396548917097312,
    "portfolio_volatility": 0.2536588127399365,
    "investment_values": {
        "NVDA": 36236.24030050929,
        "MSFT": 0.0,
        "AAPL": 63763.75969949077
    },
    "capital": 100000,
    "weights": {
        "NVDA": 0.3623624030050929,
        "MSFT": 0.0,
        "AAPL": 0.6376375969949077
    },
    "assets_profit": {
        "NVDA": 13333.849343378406,
        "MSFT": -0.0,
        "AAPL": 26321.042366352794
    },
    "bin_opt": "CPLEX",
    "class_opt": "SLSQP"
}