{
    "optimal_weights": {
        "UVXY": 0.5,
        "WEAT": 0.0,
        "SQQQ": 0.0,
        "KOLD": 0.5
    },
    "portfolio_return": -0.20851999999999998,
    "portfolio_volatility": 0.629100245493627,
    "investment_values": {
        "UVXY": 50000.0,
        "WEAT": 0.0,
        "SQQQ": 0.0,
        "KOLD": 50000.0
    }
}