{
    "quantum_portfolio_return": 0.5256658286358874,
    "quantum_portfolio_risk": 0.3854041845151139,
    "quantum_expected_profit": 52566.58286358874,
    "optimized_weights": {
        "UVXY": 25779.719078478374,
        "USO": 1.2706849461530112e-11,
        "MSFT": 0.0,
        "KOLD": 74220.28092152161,
        "SPY": 0.0
    },
    "total_transaction_cost": 27699.893049113867
}