{
    "quantum_portfolio_return": 0.3940311483600967,
    "quantum_portfolio_risk": 0.24261014130215108,
    "quantum_expected_profit": 39403.11483600966,
    "optimized_weights": {
        "NVDA": 41853.751985505056,
        "AAPL": 8.326672684688674e-12,
        "META": 0.0,
        "AMZN": 0.0,
        "MSFT": 58146.24801449494
    },
    "total_transaction_cost": 2456.2320231908852
}